Data,Códigodo fundo,Setor,Preço Atual,Liquidez Diária,Dividendo,DividendYield,DY (3M)Acumulado,DY (6M)Acumulado,DY (12M)Acumulado,DY (3M)Média,DY (6M)Média,DY (12M)Média,DY Ano,Variação Preço,Rentab.Período,Rentab.Acumulada,PatrimônioLíq.,VPA,P/VPA,DYPatrimonial,VariaçãoPatrimonial,Rentab. Patr.no Período,Rentab. Patr.Acumulada,VacânciaFísica,VacânciaFinanceira,QuantidadeAtivos
2021-10-30,FIVN11,Shoppings,"R$ 2,33",608.0,"R$ 0,00","0,00%","0,00%","0,00%","0,00%","0,00%","0,00%","0,00%",N/A,"0,00%","0,00%","0,00%","R$ 64.604.991,54","R$ 6,86","0,34",N/A,N/A,N/A,N/A,"56,00%",N/A,1
2021-10-30,BZLI11,Títulos e Val. Mob.,"R$ 14,70",44041.0,"R$ 0,00","0,00%","0,00%","0,00%","0,00%","0,00%","0,00%","0,00%","0,00%","0,68%","0,68%","1,14%","R$ 431.455.425,43","R$ 11,03","1,33",N/A,N/A,N/A,N/A,N/A,N/A,0
2021-10-30,XTED11,Lajes Corporativas,"R$ 6,67",544.0,"R$ 0,00","0,00%","0,00%","0,00%","0,00%","0,00%","0,00%","0,00%","0,00%","1,10%","1,10%","-37,83%","R$ 26.189.496,52","R$ 13,53","0,49",N/A,N/A,N/A,N/A,"0,00%","100,00%",1
2021-10-30,ALMI11,Lajes Corporativas,"R$ 1.025,00",201.0,"R$ 0,00","0,00%","0,00%","0,00%","0,00%","0,00%","0,00%","0,00%","0,00%","2,27%","2,27%","-28,29%","R$ 228.908.585,35","R$ 2.058,96","0,50",N/A,N/A,N/A,N/A,"68,15%",N/A,1
2021-10-30,DOMC11,Lajes Corporativas,"R$ 439,00",42.0,"R$ 0,00","0,00%","0,00%","0,00%","0,00%","0,00%","0,00%","0,00%","0,00%","4,35%","4,35%","-10,00%","R$ 270.930.739,68","R$ 110,86","3,96",N/A,N/A,N/A,N/A,"23,44%",N/A,1
2021-10-30,PABY11,Híbrido,"R$ 11,81",100.0,"R$ 0,00","0,00%","0,00%","0,00%","0,00%","0,00%","0,00%","0,00%","0,00%","-19,84%","-19,84%","-31,62%","R$ -7.370.513,66","R$ -9,72","-1,22",N/A,N/A,N/A,N/A,N/A,N/A,1
2021-10-30,ORPD11,Títulos e Val. Mob.,"R$ 132,00",1.0,"R$ 1,38",N/A,N/A,N/A,N/A,N/A,N/A,N/A,N/A,N/A,N/A,N/A,"R$ 44.025.741,68","R$ 151,81","0,87",N/A,N/A,N/A,N/A,N/A,N/A,0
2021-10-30,ATSA11,Shoppings,"R$ 101,97",9.0,"R$ 0,25","0,18%","0,59%","1,30%","2,97%","0,20%","0,22%","0,25%","0,37%","0,74%","0,92%","1,10%","R$ 172.593.204,98","R$ 98,56","1,03",N/A,N/A,N/A,N/A,"21,40%",N/A,1
2021-10-30,XPHT11,Hotel,"R$ 93,10",48886.0,"R$ 0,34","0,40%","1,05%","2,23%","0,00%","0,35%","0,37%","0,00%","1,05%","-18,27%","-17,94%","-16,89%","R$ 330.696.101,70","R$ 86,92","1,07",N/A,N/A,N/A,N/A,"65,70%",N/A,5
2021-10-30,HTMX11,Hotel,"R$ 98,00",1060.0,"R$ 0,00","0,00%","0,80%","2,20%","5,41%","0,27%","0,37%","0,45%","0,80%","-28,14%","-28,14%","-32,26%","R$ 163.647.743,98","R$ 130,19","0,75",N/A,N/A,N/A,N/A,"56,00%",N/A,23
2021-10-30,GSFI11,Shoppings,"R$ 4,28",3566.0,"R$ 0,00","0,03%","0,03%","0,03%","0,03%","0,01%","0,00%","0,00%","0,03%","0,00%","0,03%","0,03%","R$ 907.019.849,19","R$ 13,24","0,32",N/A,N/A,N/A,N/A,"9,50%",N/A,10
2021-10-30,NEWU11,Lajes Corporativas,"R$ 34,00",1.0,"R$ 0,00","0,00%","0,00%","0,56%","16,63%","0,00%","0,09%","1,39%","0,61%","-4,04%","-4,04%","-31,62%","R$ 46.226.808,11","R$ 62,30","0,55",N/A,N/A,N/A,N/A,"63,20%",N/A,3
2021-10-30,PRSV11,Lajes Corporativas,"R$ 129,00",145.0,"R$ 1,62","0,42%","1,53%","2,91%","5,95%","0,51%","0,48%","0,50%","4,46%","5,30%","5,74%","-11,25%","R$ 46.794.672,13","R$ 239,97","0,54",N/A,N/A,N/A,N/A,"40,90%",N/A,2
2021-10-30,FAMB11B,Lajes Corporativas,"R$ 1.025,00",9.0,"R$ 9,16","0,56%","2,17%","4,78%","10,43%","0,72%","0,80%","0,87%","8,82%","-47,80%","-47,51%","-47,80%","R$ 362.428.766,52","R$ 3.458,29","0,30",N/A,N/A,N/A,N/A,"100,00%",N/A,1
2021-10-30,FMOF11,Lajes Corporativas,"R$ 67,50",2.0,"R$ 0,64",N/A,N/A,N/A,N/A,N/A,N/A,N/A,N/A,N/A,N/A,N/A,"R$ 66.988.515,33","R$ 131,87","0,51",N/A,N/A,N/A,N/A,"50,00%",N/A,1
2021-10-30,NVIF11B,Outros,N/A,N/A,"R$ 0,30","0,00%","0,00%","0,00%","0,00%","0,00%","0,00%","0,00%",N/A,"0,00%","0,00%","0,00%","R$ 57.316.614,07","R$ 169,88",N/A,N/A,N/A,N/A,N/A,N/A,N/A,0
2021-10-30,RBDS11,Residencial,"R$ 11,15",147.0,"R$ 0,00","0,00%","0,00%","0,00%","0,00%","0,00%","0,00%","0,00%","0,00%","0,00%","0,00%","0,00%","R$ 3.303.496,28","R$ 26,11","0,43",N/A,N/A,N/A,N/A,N/A,N/A,0
2021-10-30,WPLZ11,Shoppings,"R$ 63,00",68.0,"R$ 0,10","0,15%","0,15%","0,00%","0,00%","0,05%","0,00%","0,00%","0,15%","-3,64%","-3,50%","-3,50%","R$ 105.760.047,46","R$ 103,61","0,61","0,14%","0,05%","0,20%","0,65%","11,30%",N/A,1
2021-10-30,KNRE11,Residencial,"R$ 2,06",3270.0,"R$ 0,00",N/A,N/A,N/A,N/A,N/A,N/A,N/A,N/A,N/A,N/A,N/A,"R$ 36.300.652,94","R$ 1,96","1,05",N/A,N/A,N/A,N/A,N/A,N/A,0
2021-10-30,VXXV11,Outros,"R$ 844,00",8830.0,"R$ 10,76",N/A,N/A,N/A,N/A,N/A,N/A,N/A,N/A,N/A,N/A,N/A,"R$ 28.901.721,91","R$ 555,80","1,52",N/A,N/A,N/A,N/A,N/A,N/A,0
2021-10-30,HRDF11,Híbrido,"R$ 1,38",651.0,"R$ 6,80",N/A,N/A,N/A,N/A,N/A,N/A,N/A,N/A,N/A,N/A,N/A,"R$ 9.398.483,52","R$ 1,24","1,11",N/A,N/A,N/A,N/A,N/A,N/A,0
2021-10-30,CJCT11,Lajes Corporativas,"R$ 65,00",3062.0,"R$ 0,00",N/A,N/A,N/A,N/A,N/A,N/A,N/A,N/A,N/A,N/A,N/A,"R$ 181.831.004,55","R$ 67,10","0,97",N/A,N/A,N/A,N/A,"59,00%",N/A,1
2021-10-30,HCRI11,Hospital,"R$ 384,56",89.0,"R$ 3,08",N/A,N/A,N/A,N/A,N/A,N/A,N/A,N/A,N/A,N/A,N/A,"R$ 59.832.624,38","R$ 299,16","1,29","1,03%","-2,09%","-1,08%","4,43%","0,00%",N/A,1
2021-10-30,VVPR11,Híbrido,"R$ 94,59",219.0,"R$ 0,62",N/A,N/A,N/A,N/A,N/A,N/A,N/A,N/A,N/A,N/A,N/A,"R$ 238.144.920,30","R$ 103,28","0,92",N/A,N/A,N/A,N/A,"0,00%",N/A,6
2021-10-30,BPML11,Shoppings,"R$ 81,64",41.0,"R$ 0,61",N/A,N/A,N/A,N/A,N/A,N/A,N/A,N/A,N/A,N/A,N/A,"R$ 570.969.878,72","R$ 132,63","0,62",N/A,N/A,N/A,N/A,"5,70%",N/A,7
2021-10-30,KINP11,Residencial,"R$ 13,30",5.0,"R$ 0,19",N/A,N/A,N/A,N/A,N/A,N/A,N/A,N/A,N/A,N/A,N/A,"R$ 56.060.784,99","R$ 7,84","1,70","2,14%","-7,22%","-5,23%","-9,13%",N/A,N/A,0
2021-10-30,LFTT11,Residencial,"R$ 106,69",5010.0,"R$ 0,75",N/A,N/A,N/A,N/A,N/A,N/A,N/A,N/A,N/A,N/A,N/A,"R$ 423.916.403,52","R$ 60,35","1,77","3,77%","-0,66%","3,09%","6,85%",N/A,N/A,0
2021-10-30,RBLG11,Logística,"R$ 97,88",4.0,"R$ 0,33","0,32%","1,54%","2,93%","0,00%","0,51%","0,49%","0,00%","2,93%","0,00%","0,32%","-3,72%","R$ 69.312.980,95","R$ 108,27","0,90",N/A,N/A,N/A,N/A,"0,00%",N/A,1
2021-10-30,DRIT11B,Lajes Corporativas,"R$ 100,12",3.0,"R$ 0,33","0,28%","0,80%","0,00%","0,00%","0,27%","0,00%","0,00%","1,28%","5,78%","6,07%","-7,42%","R$ 60.758.655,61","R$ 131,15","0,76",N/A,N/A,N/A,N/A,"15,68%",N/A,6
2021-10-30,CTXT11,Lajes Corporativas,"R$ 20,70",190.0,"R$ 0,09","0,39%","0,78%","1,36%","5,53%","0,26%","0,23%","0,46%","1,36%","-2,58%","-2,20%","-39,31%","R$ 123.239.909,63","R$ 47,50","0,44",N/A,N/A,N/A,N/A,"96,00%",N/A,1
2021-10-30,GESE11B,Outros,N/A,N/A,"R$ 12,60","0,00%","0,00%","0,00%","0,00%","0,00%","0,00%","0,00%",N/A,"0,00%","0,00%","0,00%","R$ 86.138.674,67","R$ 1.656,51",N/A,N/A,N/A,N/A,N/A,N/A,N/A,0
2021-10-30,RBIR11,Residencial,"R$ 75,10",217.0,"R$ 0,00","0,00%","0,00%","0,00%","0,00%","0,00%","0,00%","0,00%","0,00%","0,00%","0,00%","0,00%","R$ 146.754.595,58","R$ 96,00","0,78",N/A,N/A,N/A,N/A,N/A,N/A,0
2021-10-30,CARE11,Híbrido,"R$ 0,50",175714.0,"R$ 0,00","0,23%","0,66%","1,36%","1,60%","0,22%","0,23%","0,13%","1,36%","-2,63%","-2,41%","5,65%","R$ 285.663.790,78","R$ 1,60","0,31",N/A,N/A,N/A,N/A,N/A,N/A,0
2021-10-30,EVBI11,Híbrido,"R$ 98,00",2.0,"R$ 0,64","0,66%","1,94%","3,79%","0,00%","0,65%","0,63%","0,00%","4,37%","-2,90%","-2,26%","1,32%","R$ 109.927.362,45","R$ 101,55","0,97",N/A,N/A,N/A,N/A,"0,00%",N/A,2
2021-10-30,FIIB11,Híbrido,"R$ 456,00",901.0,"R$ 3,30","0,70%","2,05%","4,12%","7,37%","0,68%","0,69%","0,61%","5,30%","-1,11%","-0,41%","-5,98%","R$ 303.113.916,47","R$ 442,50","1,03",N/A,N/A,N/A,N/A,"5,81%",N/A,1
2021-10-30,BICR11,Títulos e Val. Mob.,"R$ 98,88",4.0,"R$ 0,55","0,59%","1,35%","2,38%","3,88%","0,45%","0,40%","0,32%","3,12%","-3,11%","-2,54%","-4,33%","R$ 49.651.973,04","R$ 99,30","1,00","0,55%","-0,54%","0,01%","2,89%",N/A,N/A,0
2021-10-30,YUFI11B,Residencial,N/A,N/A,"R$ 0,43","0,00%","0,00%","0,00%","0,00%","0,00%","0,00%","0,00%",N/A,"0,00%","0,00%","0,00%","R$ 37.570.225,41","R$ 95,08",N/A,"0,45%","0,02%","0,48%","1,87%",N/A,N/A,0
2021-10-30,IFID11,Títulos e Val. Mob.,"R$ 81,80",1275.0,"R$ 0,83","1,01%","2,92%","5,49%","0,00%","0,97%","0,91%","0,00%","6,18%","-0,02%","0,99%","-12,81%","R$ 66.519.681,46","R$ 88,91","0,92","0,93%","-0,91%","0,01%","0,28%",N/A,N/A,0
2021-10-30,XPSF11,Outros,"R$ 79,01",11801.0,"R$ 0,70","0,85%","2,42%","4,92%","9,53%","0,81%","0,82%","0,79%","7,22%","-3,21%","-2,38%","-8,32%","R$ 387.643.343,82","R$ 89,52","0,88","0,78%","-1,67%","-0,90%","-2,92%",N/A,N/A,0
2021-10-30,IFIE11,Títulos e Val. Mob.,"R$ 75,93",192.0,"R$ 0,50","0,65%","1,91%","0,00%","0,00%","0,64%","0,00%","0,00%","3,66%","-4,46%","-3,84%","-4,36%","R$ 73.982.011,03","R$ 82,16","0,92","0,61%","-2,60%","-2,01%","-5,18%",N/A,N/A,0
2021-10-30,STRX11,Híbrido,N/A,N/A,"R$ 0,59","0,00%","0,00%","0,00%","0,00%","0,00%","0,00%","0,00%",N/A,"0,00%","0,00%","0,00%","R$ 296.115.988,08","R$ 183,52",N/A,"0,32%","0,24%","0,56%","-98,93%",N/A,N/A,0
2021-10-30,PORD11,Títulos e Val. Mob.,"R$ 93,40",6205.0,"R$ 0,91","0,95%","2,72%","5,58%","10,57%","0,91%","0,93%","0,88%","7,99%","0,14%","1,09%","0,19%","R$ 369.094.725,80","R$ 99,00","0,94","0,92%","-0,06%","0,85%","5,08%",N/A,N/A,0
2021-10-30,LGCP11,Logística,"R$ 81,69",423.0,"R$ 0,55","0,66%","1,85%","3,64%","6,61%","0,62%","0,61%","0,55%","5,23%","-6,57%","-5,96%","-10,63%","R$ 270.369.101,85","R$ 98,93","0,83","0,56%","0,03%","0,59%","4,62%","0,00%",N/A,5
2021-10-30,RBCO11,Lajes Corporativas,"R$ 50,80",5552.0,"R$ 0,41","0,75%","2,22%","4,11%","7,92%","0,74%","0,69%","0,66%","6,05%","5,22%","6,01%","-31,53%","R$ 379.891.174,90","R$ 100,53","0,51","0,41%","-0,68%","-0,28%","1,29%","42,00%","39,00%",4
2021-10-30,LUGG11,Residencial,"R$ 89,40",310.0,"R$ 0,48","0,52%","1,58%","3,30%","6,10%","0,53%","0,55%","0,51%","4,78%","-0,86%","-0,35%","-3,73%","R$ 112.254.414,79","R$ 124,73","0,72","0,38%","0,01%","0,40%","17,92%","3,10%",N/A,4
2021-10-30,BCRI11,Títulos e Val. Mob.,"R$ 108,45",6265.0,"R$ 1,11","1,01%","2,93%","6,73%","12,36%","0,98%","1,12%","1,03%","9,39%","0,59%","1,61%","1,87%","R$ 662.178.769,04","R$ 105,82","1,02","1,05%","0,19%","1,24%","9,60%",N/A,N/A,0
2021-10-30,BBFO11,Títulos e Val. Mob.,"R$ 72,10",638.0,"R$ 0,60","0,79%","2,26%","4,01%","0,00%","0,75%","0,67%","0,00%","5,47%","-2,89%","-2,13%","-14,70%","R$ 351.715.198,65","R$ 87,84","0,82","0,68%","-1,44%","-0,77%","-3,81%",N/A,N/A,0
2021-10-30,VCRR11,Residencial,"R$ 80,90",779.0,"R$ 0,67","0,81%","0,00%","0,00%","0,00%","0,00%","0,00%","0,00%","2,32%","-6,21%","-5,46%","-4,02%","R$ 196.074.387,69","R$ 98,04","0,83","0,68%","0,04%","0,72%","2,22%",N/A,N/A,0
2021-10-30,BTWR11,Lajes Corporativas,"R$ 106,40",13539.0,"R$ 0,21","0,00%","0,00%","0,00%","0,00%","0,00%","0,00%","0,00%",N/A,"0,00%","0,00%","0,14%","R$ 87.637.697,03","R$ 108,29","0,98","0,19%","0,10%","0,29%","2,49%","13,00%",N/A,1
2021-10-30,PLRI11,Títulos e Val. Mob.,"R$ 45,00",21.0,"R$ 0,28","0,60%","1,60%","3,40%","6,67%","0,53%","0,57%","0,56%","4,86%","-1,46%","-0,87%","5,53%","R$ 46.696.898,49","R$ 48,93","0,92","0,58%","-1,46%","-0,89%","-2,00%",N/A,N/A,0
2021-10-30,TRXF11,Outros,"R$ 99,80",20440.0,"R$ 0,72","0,71%","2,07%","4,06%","8,07%","0,69%","0,68%","0,67%","6,00%","-0,50%","0,21%","1,12%","R$ 578.875.374,53","R$ 102,61","0,97","0,70%","-0,84%","-0,15%","1,27%","0,00%",N/A,44
2021-10-30,TEPP11,Lajes Corporativas,"R$ 71,01",5663.0,"R$ 0,48","0,65%","1,73%","3,37%","6,62%","0,58%","0,56%","0,55%","4,96%","1,98%","2,65%","-14,00%","R$ 397.945.745,92","R$ 94,26","0,75","0,51%","-0,13%","0,38%","3,38%","12,75%","11,58%",4
2021-10-30,BNFS11,Outros,"R$ 121,00",317.0,"R$ 1,01","0,84%","2,63%","5,26%","10,07%","0,88%","0,88%","0,84%","7,68%","-3,81%","-3,01%","3,20%","R$ 72.884.567,41","R$ 104,12","1,16","0,97%","0,11%","1,08%","6,39%","0,00%",N/A,18
2021-10-30,RBHY11,Títulos e Val. Mob.,"R$ 97,32",927.0,"R$ 1,10","1,08%","2,64%","3,86%","0,00%","0,88%","0,64%","0,00%","3,86%","-1,12%","-0,05%","3,17%","R$ 157.390.052,11","R$ 99,51","0,98","1,11%","-0,37%","0,73%","3,21%",N/A,N/A,0
2021-10-30,QIRI11,Títulos e Val. Mob.,"R$ 94,40",18.0,"R$ 0,49","0,52%","1,61%","3,57%","8,16%","0,54%","0,60%","0,68%","5,76%","-8,00%","-7,52%","-1,18%","R$ 13.449.397,72","R$ 89,66","1,05","0,55%","-1,91%","-1,37%","-3,43%",N/A,N/A,0
2021-10-30,BCIA11,Títulos e Val. Mob.,"R$ 84,00",6711.0,"R$ 0,64","0,74%","2,13%","4,09%","7,52%","0,71%","0,68%","0,63%","5,87%","-4,21%","-3,51%","-18,96%","R$ 388.188.731,09","R$ 104,38","0,80","0,61%","-1,65%","-1,05%","-4,21%",N/A,N/A,0
2021-10-30,KISU11,Títulos e Val. Mob.,"R$ 7,57",227615.0,"R$ 0,06","0,72%","2,03%","3,73%","0,00%","0,68%","0,62%","0,00%","5,67%","-3,91%","-3,22%","-18,67%","R$ 408.492.308,57","R$ 9,24","0,82","0,65%","-1,83%","-1,20%","-90,07%",N/A,N/A,0
2021-10-30,RRCI11,Títulos e Val. Mob.,"R$ 79,07",1032.0,"R$ 0,84","1,04%","2,90%","5,33%","0,00%","0,97%","0,89%","0,00%","6,78%","-0,49%","0,54%","-2,35%","R$ 46.947.341,58","R$ 97,45","0,81","0,86%","0,18%","1,04%","7,00%",N/A,N/A,0
2021-10-30,RFOF11,Títulos e Val. Mob.,"R$ 77,24",990.0,"R$ 0,63","0,79%","2,37%","4,62%","9,04%","0,79%","0,77%","0,75%","6,79%","1,05%","1,84%","-4,89%","R$ 93.078.665,94","R$ 86,33","0,89","0,73%","-1,63%","-0,92%","-3,63%",N/A,N/A,0
2021-10-30,HSAF11,Títulos e Val. Mob.,"R$ 91,00",7787.0,"R$ 1,00","1,11%","2,86%","6,01%","10,41%","0,95%","1,00%","0,87%","8,99%","-2,37%","-1,28%","4,54%","R$ 168.879.974,73","R$ 95,22","0,96","1,05%","-0,72%","0,33%","7,02%",N/A,N/A,0
2021-10-30,RBVO11,Outros,"R$ 15,97",137.0,"R$ 0,05","0,36%","1,12%","1,81%","4,41%","0,37%","0,30%","0,37%","1,85%","17,74%","18,17%","0,69%","R$ 11.110.248,40","R$ 21,54","0,74","0,25%","-0,61%","-0,36%","1,79%",N/A,N/A,0
2021-10-30,PATC11,Lajes Corporativas,"R$ 63,25",6552.0,"R$ 0,30","0,47%","1,42%","2,81%","5,01%","0,47%","0,47%","0,42%","3,96%","-0,24%","0,24%","-21,68%","R$ 297.461.072,36","R$ 85,54","0,74","0,35%","0,07%","0,42%","1,75%","21,90%","29,00%",6
2021-10-30,AIEC11,Lajes Corporativas,"R$ 72,50",6311.0,"R$ 0,61","0,75%","2,21%","4,18%","0,00%","0,74%","0,70%","0,00%","6,02%","-0,49%","0,26%","-8,00%","R$ 485.070.676,94","R$ 100,53","0,72","0,61%","0,03%","0,63%","3,93%","0,00%",N/A,2
2021-10-30,FPAB11,Lajes Corporativas,"R$ 204,34",31.0,"R$ 1,20","0,55%","1,53%","2,99%","5,76%","0,51%","0,50%","0,48%","4,26%","-11,18%","-10,70%","-22,54%","R$ 336.019.966,32","R$ 448,03","0,46","0,27%","0,03%","0,29%","1,78%","38,34%",N/A,1
2021-10-30,EURO11,Logística,"R$ 203,50",75.0,"R$ 1,55","0,75%","2,18%","4,15%","8,24%","0,73%","0,69%","0,69%","6,04%","-0,16%","0,60%","0,20%","R$ 108.970.208,94","R$ 283,82","0,72","0,55%","-0,04%","0,51%","3,70%","0,00%",N/A,6
2021-10-30,EDFO11B,Lajes Corporativas,"R$ 210,00",102.0,"R$ 1,36","0,54%","1,60%","3,24%","6,72%","0,53%","0,54%","0,56%","4,94%","2,03%","2,58%","4,98%","R$ 50.101.171,40","R$ 212,29","0,99","0,64%","0,00%","0,64%","3,43%","7,10%",N/A,1
2021-10-30,MFII11,Híbrido,"R$ 112,95",4757.0,"R$ 1,19","1,03%","3,09%","5,49%","10,20%","1,03%","0,91%","0,85%","7,82%","0,46%","1,50%","-6,59%","R$ 464.488.139,53","R$ 112,01","1,01","1,06%","-1,60%","-0,55%","-2,32%",N/A,N/A,9
2021-10-30,CXTL11,Logística,"R$ 370,06",140.0,"R$ 0,83","0,21%","0,61%","3,56%","0,00%","0,20%","0,59%","0,00%","3,71%","-0,72%","-0,52%","38,57%","R$ 34.049.481,78","R$ 635,29","0,58","0,13%","-0,44%","-0,31%","-10,21%","61,00%",N/A,3
2021-10-30,BBRC11,Outros,"R$ 99,70",962.0,"R$ 0,85","0,80%","2,32%","4,62%","8,89%","0,77%","0,77%","0,74%","6,93%","-4,15%","-3,38%","-10,35%","R$ 180.306.764,82","R$ 113,40","0,88","0,75%","0,14%","0,89%","6,24%","5,40%","2,10%",20
2021-10-30,BBPO11,Lajes Corporativas,"R$ 90,55",20740.0,"R$ 0,82","0,84%","2,49%","5,30%","10,57%","0,83%","0,88%","0,88%","8,13%","-15,18%","-14,46%","-7,83%","R$ 1.526.344.263,71","R$ 95,88","0,94","0,86%","0,19%","1,05%","3,33%","0,00%","0,00%",64
2021-10-30,MFAI11,Híbrido,"R$ 71,63",365.0,"R$ 0,58","0,77%","2,27%","4,72%","10,51%","0,76%","0,79%","0,88%","6,90%","-10,83%","-10,15%","-31,35%","R$ 25.345.706,75","R$ 83,60","0,86","0,69%","-4,17%","-3,50%","-8,37%",N/A,N/A,0
2021-10-30,HPDP11,Shoppings,"R$ 80,29",43.0,"R$ 0,35","0,41%","1,19%","1,74%","3,50%","0,40%","0,29%","0,29%","2,37%","1,35%","1,77%","1,68%","R$ 279.226.397,16","R$ 95,99","0,84","0,36%","0,03%","0,39%","1,66%","2,40%",N/A,1
2021-10-30,AFCR11,Híbrido,"R$ 105,37",1193.0,"R$ 1,18","1,13%","3,17%","6,45%","11,60%","1,06%","1,08%","0,97%","9,11%","-1,61%","-0,50%","-0,61%","R$ 154.887.871,20","R$ 102,29","1,03","1,15%","0,18%","1,34%","6,78%",N/A,N/A,0
2021-10-30,KNHY11,Títulos e Val. Mob.,"R$ 104,89",31351.0,"R$ 1,07","1,00%","3,31%","6,32%","12,41%","1,10%","1,05%","1,03%","9,66%","-0,42%","0,57%","4,99%","R$ 1.399.134.770,47","R$ 97,90","1,07","1,09%","-0,86%","0,22%","1,81%",N/A,N/A,0
2021-10-30,PQDP11,Shoppings,"R$ 2.002,06",66.0,"R$ 15,15","0,73%","1,88%","2,03%","4,08%","0,63%","0,34%","0,34%","2,99%","-3,72%","-3,01%","-25,15%","R$ 865.741.812,20","R$ 3.630,29","0,55",N/A,N/A,N/A,N/A,"3,60%",N/A,1
2021-10-30,NSLU11,Hospital,"R$ 220,00",448.0,"R$ 1,86","0,84%","2,43%","4,71%","8,52%","0,81%","0,78%","0,71%","6,05%","-5,93%","-5,14%","-14,31%","R$ 244.412.520,11","R$ 213,50","1,03",N/A,N/A,N/A,N/A,"0,00%",N/A,1
2021-10-30,KNRI11,Híbrido,"R$ 137,40",25771.0,"R$ 0,77","0,52%","1,53%","2,97%","5,51%","0,51%","0,49%","0,46%","4,29%","3,40%","3,94%","-3,99%","R$ 3.800.803.257,11","R$ 157,34","0,87","0,49%","-0,30%","0,19%","1,96%","3,35%","8,16%",20
2021-10-30,HFOF11,Títulos e Val. Mob.,"R$ 81,30",25196.0,"R$ 0,60","0,70%","2,02%","3,86%","7,25%","0,67%","0,64%","0,60%","5,47%","-2,86%","-2,18%","-13,38%","R$ 2.027.157.670,49","R$ 88,23","0,92","0,68%","-4,15%","-3,50%","-3,31%",N/A,N/A,0
2021-10-30,HLOG11,Logística,"R$ 102,95",558.0,"R$ 0,63","0,61%","1,75%","3,41%","6,71%","0,58%","0,57%","0,56%","5,01%","-3,51%","-2,93%","-8,09%","R$ 485.212.436,42","R$ 114,17","0,90","0,55%","-0,23%","0,32%","-0,88%","13,00%",N/A,3
2021-10-30,HGBS11,Shoppings,"R$ 188,68",10611.0,"R$ 0,85","0,47%","1,19%","1,81%","3,54%","0,40%","0,30%","0,30%","2,76%","-3,29%","-2,84%","-13,48%","R$ 2.143.980.697,65","R$ 214,40","0,88","0,40%","0,48%","0,87%","2,44%","7,10%",N/A,17
2021-10-30,HOSI11,Híbrido,"R$ 76,00",42.0,"R$ 0,46","0,57%","1,70%","3,76%","7,58%","0,57%","0,63%","0,63%","5,78%","1,25%","1,83%","-1,30%","R$ 52.888.543,34","R$ 92,23","0,82","0,50%","-0,31%","0,18%","4,21%",N/A,N/A,2
2021-10-30,XPCI11,Outros,"R$ 96,90",27087.0,"R$ 1,00","1,03%","2,81%","5,71%","10,57%","0,94%","0,95%","0,88%","8,36%","-3,26%","-2,26%","8,66%","R$ 628.083.893,83","R$ 95,64","1,01","1,05%","-0,20%","0,84%","4,20%",N/A,N/A,0
2021-10-30,JPPA11,Títulos e Val. Mob.,"R$ 94,52",185.0,"R$ 1,00","1,05%","2,94%","6,10%","10,78%","0,98%","1,02%","0,90%","8,77%","-3,66%","-2,65%","4,21%","R$ 62.639.960,29","R$ 103,71","0,91","0,96%","0,14%","1,10%","5,28%",N/A,N/A,0
2021-10-30,HCHG11,Outros,"R$ 89,10",14.0,"R$ 0,65","0,71%","0,00%","0,00%","0,00%","0,00%","0,00%","0,00%","1,19%","-1,99%","-1,30%","-0,83%","R$ 114.331.186,97","R$ 95,28","0,94","0,68%","-0,97%","-0,29%","0,04%",N/A,N/A,0
2021-10-30,XPPR11,Outros,"R$ 65,20",16901.0,"R$ 0,55","0,83%","2,40%","4,59%","8,84%","0,80%","0,77%","0,74%","6,57%","-3,50%","-2,70%","-11,91%","R$ 614.465.035,45","R$ 83,99","0,78","0,65%","-0,62%","0,03%","0,06%","49,00%",N/A,4
2021-10-30,RDPD11,Títulos e Val. Mob.,"R$ 66,00",2.0,"R$ 0,50","0,73%","2,20%","4,46%","7,25%","0,73%","0,74%","0,60%","5,80%","0,35%","1,08%","-14,19%","R$ 76.147.024,14","R$ 70,63","0,93","0,71%","-0,26%","0,45%","-24,73%",N/A,N/A,0
2021-10-30,SPVJ11,Outros,N/A,N/A,"R$ 0,63","0,00%","0,00%","0,00%","0,00%","0,00%","0,00%","0,00%",N/A,"0,00%","0,00%","0,00%","R$ 593.591.883,14","R$ 107,70",N/A,"0,58%","-0,01%","0,57%","4,49%",N/A,N/A,0
2021-10-30,KNIP11,Títulos e Val. Mob.,"R$ 102,16",97738.0,"R$ 1,20","1,15%","3,27%","6,22%","11,99%","1,09%","1,04%","1,00%","9,25%","-3,18%","-2,07%","0,25%","R$ 5.811.561.092,29","R$ 98,28","1,04","1,22%","-0,83%","0,38%","1,18%",N/A,N/A,0
2021-10-30,RBVA11,Outros,"R$ 102,87",7333.0,"R$ 0,87","0,81%","2,32%","4,96%","9,64%","0,77%","0,83%","0,80%","7,33%","-2,60%","-1,82%","1,98%","R$ 1.313.544.384,58","R$ 113,35","0,91","0,77%","-0,09%","0,68%","2,78%","0,70%",N/A,72
2021-10-30,BARI11,Títulos e Val. Mob.,"R$ 103,12",16385.0,"R$ 1,15","1,09%","3,19%","6,13%","14,07%","1,06%","1,02%","1,17%","10,29%","-1,10%","-0,02%","1,99%","R$ 473.323.915,47","R$ 102,14","1,01","1,13%","-0,11%","1,01%","7,88%",N/A,N/A,0
2021-10-30,NEWL11,Híbrido,"R$ 91,99",3192.0,"R$ 0,75","0,75%","2,19%","4,93%","10,06%","0,73%","0,82%","0,84%","7,50%","-2,61%","-1,87%","0,99%","R$ 236.517.865,90","R$ 116,33","0,79","0,64%","-0,61%","0,03%","7,35%","0,00%",N/A,2
2021-10-30,SDIL11,Logística,"R$ 84,34",7452.0,"R$ 0,72","0,80%","2,16%","4,00%","7,52%","0,72%","0,67%","0,63%","5,76%","0,48%","1,29%","-9,01%","R$ 647.393.285,87","R$ 101,23","0,83","0,71%","0,03%","0,74%","0,58%","8,40%",N/A,5
2021-10-30,SDIL11,Logística,"R$ 84,34",7452.0,"R$ 0,72","0,80%","2,16%","4,00%","7,52%","0,72%","0,67%","0,63%","5,76%","0,48%","1,29%","-9,01%","R$ 647.393.285,87","R$ 101,23","0,83","0,71%","0,03%","0,74%","0,58%","7,40%",N/A,5
2021-10-30,CXCO11,Lajes Corporativas,"R$ 89,85",947.0,"R$ 0,65","0,72%","2,07%","0,00%","0,00%","0,69%","0,00%","0,00%","3,99%","-3,76%","-3,07%","-4,86%","R$ 393.906.664,39","R$ 100,37","0,90","0,65%","0,06%","0,71%","3,73%",N/A,N/A,0
2021-10-30,RBRS11,Híbrido,"R$ 70,90",2.0,"R$ 0,42","0,58%","1,76%","3,38%","0,00%","0,59%","0,56%","0,00%","4,76%","2,86%","3,46%","-18,86%","R$ 125.756.509,71","R$ 90,51","0,78","0,46%","-6,14%","-5,70%","-3,16%",N/A,N/A,0
2021-10-30,BRCO11,Logística,"R$ 96,30",25990.0,"R$ 0,57","0,58%","1,67%","3,19%","6,02%","0,56%","0,53%","0,50%","4,64%","-3,48%","-2,92%","-9,47%","R$ 1.603.955.235,27","R$ 108,53","0,89","0,53%","0,05%","0,58%","3,24%","0,00%","2,70%",10
2021-10-30,VISC11,Shoppings,"R$ 100,19",18992.0,"R$ 0,58","0,57%","1,55%","2,49%","4,85%","0,52%","0,41%","0,40%","3,65%","0,59%","1,16%","-8,90%","R$ 1.702.561.351,78","R$ 119,30","0,84","0,49%","0,13%","0,62%","2,59%","8,10%",N/A,15
2021-10-30,JFLL11,Residencial,"R$ 73,46",406.0,"R$ 0,62","0,83%","2,27%","4,25%","0,00%","0,76%","0,71%","0,00%","5,64%","-8,67%","-7,91%","-20,76%","R$ 145.160.606,78","R$ 96,74","0,76","0,64%","0,03%","0,67%","4,05%","29,00%",N/A,2
2021-10-30,XPLG11,Logística,"R$ 99,10",42693.0,"R$ 0,62","0,61%","1,76%","3,39%","6,24%","0,59%","0,57%","0,52%","4,86%","-3,05%","-2,47%","-11,52%","R$ 2.969.283.438,86","R$ 109,56","0,90","0,57%","0,01%","0,58%","4,72%","11,30%",N/A,13
2021-10-30,NVHO11,Hospital,"R$ 11,84",89.0,"R$ 0,07","0,57%","1,72%","3,18%","6,64%","0,57%","0,53%","0,55%","4,40%","2,00%","2,58%","-40,01%","R$ 514.160.788,39","R$ 12,39","0,96","0,56%","0,03%","0,60%","4,21%",N/A,N/A,1
2021-10-30,SARE11,Híbrido,"R$ 75,10",7416.0,"R$ 0,60","0,79%","2,13%","4,02%","6,61%","0,71%","0,67%","0,55%","5,90%","-11,08%","-10,38%","-15,12%","R$ 922.406.101,09","R$ 99,89","0,75","0,60%","-0,49%","0,11%","3,60%","2,10%",N/A,3
2021-10-30,LASC11,Shoppings,"R$ 94,84",100.0,"R$ 0,51","0,54%","1,79%","2,67%","5,61%","0,60%","0,45%","0,47%","4,23%","3,02%","3,58%","-1,23%","R$ 258.697.121,39","R$ 102,73","0,92","0,50%","-0,17%","0,32%","2,91%","3,50%",N/A,3
2021-10-30,SHPH11,Shoppings,"R$ 802,01",28.0,"R$ 3,03","0,38%","0,99%","1,75%","3,83%","0,33%","0,29%","0,32%","2,27%","0,67%","1,04%","-0,14%","R$ 502.782.579,31","R$ 825,65","0,97","0,37%","0,16%","0,53%","2,13%","12,00%",N/A,1
2021-10-30,VILG11,Logística,"R$ 102,06",20636.0,"R$ 0,64","0,61%","1,73%","3,19%","5,84%","0,58%","0,53%","0,49%","4,55%","-0,83%","-0,23%","-8,67%","R$ 1.708.615.548,48","R$ 113,93","0,90","0,56%","-0,12%","0,45%","4,12%","0,00%",N/A,15
2021-10-30,SADI11,Títulos e Val. Mob.,"R$ 82,81",5669.0,"R$ 0,46","0,56%","1,56%","2,50%","3,86%","0,52%","0,42%","0,32%","3,24%","-0,81%","-0,25%","10,02%","R$ 319.655.353,93","R$ 100,51","0,82","0,46%","-0,10%","0,36%","2,58%",N/A,N/A,0
2021-10-30,ARRI11,Títulos e Val. Mob.,"R$ 93,50",14559.0,"R$ 1,11","1,14%","2,80%","6,55%","12,68%","0,93%","1,09%","1,06%","10,05%","-4,40%","-3,31%","13,36%","R$ 99.661.556,87","R$ 95,07","0,98","1,17%","-0,65%","0,51%","5,83%",N/A,N/A,0
2021-10-30,HGRU11,Híbrido,"R$ 111,35",32622.0,"R$ 0,72","0,64%","1,85%","3,76%","7,00%","0,62%","0,63%","0,58%","5,37%","-3,13%","-2,51%","-7,36%","R$ 2.163.602.469,79","R$ 117,55","0,95","0,61%","0,17%","0,79%","5,17%","0,00%","0,00%",16
2021-10-30,CBOP11,Lajes Corporativas,"R$ 63,90",427.0,"R$ 0,49","0,77%","2,15%","4,15%","8,57%","0,72%","0,69%","0,71%","6,12%","-8,98%","-8,27%","-7,28%","R$ 131.913.758,56","R$ 93,23","0,69","0,53%","0,37%","0,90%","7,84%","10,37%","10,20%",1
2021-10-30,BBFI11B,Lajes Corporativas,"R$ 2.270,99",122.0,"R$ 27,39","1,15%","3,31%","6,33%","12,98%","1,10%","1,05%","1,08%","10,16%","-2,66%","-1,54%","16,50%","R$ 329.132.320,59","R$ 2.531,79","0,90","1,08%","0,00%","1,09%","7,90%","72,20%",N/A,2
2021-10-30,HGCR11,Títulos e Val. Mob.,"R$ 103,30",21157.0,"R$ 0,85","0,79%","2,32%","5,06%","8,64%","0,77%","0,84%","0,72%","6,88%","3,14%","3,96%","10,44%","R$ 1.271.227.911,85","R$ 102,75","1,01","0,83%","0,08%","0,90%","4,19%",N/A,N/A,0
2021-10-30,BBIM11,Títulos e Val. Mob.,N/A,N/A,"R$ 0,70","0,00%","0,00%","0,00%","0,00%","0,00%","0,00%","0,00%",N/A,"0,00%","0,00%","0,00%","R$ 51.888.907,55","R$ 50,13",N/A,"1,40%","-1,27%","0,11%","-17,39%",N/A,N/A,0
2021-10-30,HBRH11,Híbrido,"R$ 85,75",34.0,"R$ 0,66","0,80%","2,12%","4,19%","0,00%","0,71%","0,70%","0,00%","4,86%","-3,49%","-2,72%","-12,89%","R$ 245.406.657,81","R$ 109,28","0,78","0,60%","0,22%","0,82%","5,38%",N/A,N/A,3
2021-10-30,FIIP11B,Logística,"R$ 177,20",342.0,"R$ 1,35","0,77%","2,12%","3,89%","6,86%","0,71%","0,65%","0,57%","5,70%","-3,87%","-3,13%","-9,67%","R$ 185.644.589,21","R$ 200,23","0,88","0,67%","0,04%","0,71%","10,35%","0,00%",N/A,7
2021-10-30,HSRE11,Híbrido,"R$ 97,39",412278.0,"R$ 0,56","0,57%","1,70%","2,25%","0,00%","0,57%","0,37%","0,00%","2,25%","0,63%","1,20%","2,27%","R$ 828.392.155,08","R$ 97,25","1,00","0,58%","-0,04%","0,53%","4,26%","0,00%",N/A,29
2021-10-30,VTLT11,Logística,"R$ 94,12",1025.0,"R$ 0,75","0,79%","2,27%","4,37%","8,19%","0,76%","0,73%","0,68%","6,34%","-2,86%","-2,09%","-13,41%","R$ 216.316.308,01","R$ 102,28","0,92","0,74%","0,02%","0,76%","6,23%","0,00%","0,00%",1
2021-10-30,PVBI11,Lajes Corporativas,"R$ 86,25",16540.0,"R$ 0,56","0,65%","1,86%","3,54%","6,55%","0,62%","0,59%","0,55%","4,57%","-8,71%","-8,12%","-8,01%","R$ 1.001.046.289,37","R$ 99,71","0,87",N/A,N/A,N/A,N/A,"0,10%",N/A,4
2021-10-30,LVBI11,Logística,"R$ 98,00",11945.0,"R$ 0,65","0,64%","1,85%","3,43%","5,69%","0,62%","0,57%","0,47%","4,29%","-0,15%","0,49%","-10,24%","R$ 1.350.783.017,73","R$ 114,71","0,85",N/A,N/A,N/A,N/A,"2,30%","0,00%",10
2021-10-30,VRTA11,Títulos e Val. Mob.,"R$ 106,89",11393.0,"R$ 1,10","1,01%","2,90%","5,53%","10,00%","0,97%","0,92%","0,83%","7,88%","0,89%","1,91%","1,79%","R$ 979.552.050,24","R$ 97,96","1,09","1,12%","-0,28%","0,84%","3,29%",N/A,N/A,0
2021-10-30,PQAG11,Logística,"R$ 63,69",1.0,"R$ 0,37","0,58%","1,73%","3,45%","0,00%","0,58%","0,58%","0,00%","4,98%","-4,66%","-4,11%","-4,94%","R$ 795.654.025,77","R$ 56,87","1,12","0,65%","0,00%","0,65%","4,00%","0,00%",N/A,1
2021-10-30,OUJP11,Títulos e Val. Mob.,"R$ 88,45",7226.0,"R$ 0,90","1,02%","2,69%","4,80%","9,11%","0,90%","0,80%","0,76%","6,79%","-1,87%","-0,87%","-12,36%","R$ 335.731.048,67","R$ 103,23","0,86","0,87%","-0,01%","0,86%","4,01%",N/A,N/A,0
2021-10-30,HREC11,Títulos e Val. Mob.,"R$ 97,75",5.0,"R$ 0,70","0,71%","2,12%","5,04%","0,00%","0,71%","0,84%","0,00%","6,53%","-1,04%","-0,33%","1,29%","R$ 268.722.307,16","R$ 94,42","1,04","0,74%","4,20%","4,97%","-0,15%",N/A,N/A,0
2021-10-30,HAAA11,Lajes Corporativas,"R$ 95,39",11.0,"R$ 0,54","0,57%","1,63%","3,18%","0,00%","0,54%","0,53%","0,00%","3,69%","-2,96%","-2,41%","-2,89%","R$ 329.467.244,04","R$ 95,36","1,00","0,57%","-0,63%","-0,07%","0,91%","9,90%",N/A,1
2021-10-30,FIGS11,Shoppings,"R$ 55,47",1509.0,"R$ 0,30","0,54%","1,44%","2,34%","4,63%","0,48%","0,39%","0,39%","3,39%","-4,50%","-3,99%","-13,61%","R$ 268.744.128,94","R$ 94,30","0,59","0,32%","0,02%","0,33%","1,79%","12,10%",N/A,2
2021-10-30,JSRE11,Híbrido,"R$ 74,31",36487.0,"R$ 0,53","0,66%","1,90%","3,63%","6,92%","0,63%","0,61%","0,58%","5,26%","-1,14%","-0,49%","-15,38%","R$ 2.354.399.450,99","R$ 113,37","0,66","0,47%","-0,09%","0,37%","2,69%","14,80%","11,70%",5
2021-10-30,PLCR11,Híbrido,"R$ 87,81",4611.0,"R$ 1,00","1,11%","2,87%","5,62%","10,44%","0,96%","0,94%","0,87%","8,20%","-3,21%","-2,13%","3,19%","R$ 196.925.565,21","R$ 93,37","0,94","1,07%","-0,56%","0,51%","1,08%",N/A,N/A,0
2021-10-30,HABT11,Títulos e Val. Mob.,"R$ 114,68",21652.0,"R$ 1,50","1,32%","3,74%","8,25%","15,40%","1,25%","1,37%","1,28%","11,50%","-8,53%","-7,33%","1,81%","R$ 525.875.060,10","R$ 97,17","1,18","1,54%","-0,25%","1,29%","8,27%",N/A,N/A,0
2021-10-30,MALL11,Shoppings,"R$ 91,92",11004.0,"R$ 0,57","0,61%","1,71%","3,10%","6,49%","0,57%","0,52%","0,54%","4,75%","-3,26%","-2,68%","-6,51%","R$ 791.574.764,07","R$ 104,70","0,88","0,54%","0,03%","0,58%","2,69%","2,00%",N/A,7
2021-10-30,KNSC11,Títulos e Val. Mob.,"R$ 99,84",28978.0,"R$ 1,24","1,25%","3,39%","6,19%","0,00%","1,13%","1,03%","0,00%","9,28%","1,39%","2,65%","5,47%","R$ 726.229.506,65","R$ 91,34","1,09","1,36%","-0,82%","0,52%","0,62%",N/A,N/A,0
2021-10-30,BPFF11,Títulos e Val. Mob.,"R$ 65,61",7476.0,"R$ 0,55","0,80%","2,26%","4,46%","8,57%","0,75%","0,74%","0,71%","6,63%","-5,90%","-5,15%","-8,05%","R$ 354.102.384,87","R$ 78,82","0,83","0,70%","-1,01%","-0,32%","-1,26%",N/A,N/A,0
2021-10-30,VCJR11,Títulos e Val. Mob.,"R$ 95,86",2940.0,"R$ 1,22","1,28%","3,32%","5,61%","10,38%","1,11%","0,93%","0,86%","7,57%","0,82%","2,11%","-2,41%","R$ 1.119.498.390,45","R$ 96,48","0,99","1,26%","-0,69%","0,57%","2,19%",N/A,N/A,0
2021-10-30,HGIC11,Títulos e Val. Mob.,"R$ 105,88",38.0,"R$ 0,90","0,83%","2,20%","4,46%","0,00%","0,73%","0,74%","0,00%","4,46%","0,09%","0,93%","12,90%","R$ 24.446.514,95","R$ 105,09","1,01","0,86%","0,40%","1,26%","8,83%",N/A,N/A,0
2021-10-30,RNDP11,Títulos e Val. Mob.,"R$ 650,00",1.0,"R$ 2,00","0,28%","1,64%","3,47%","6,22%","0,55%","0,58%","0,52%","4,80%","0,85%","1,14%","-4,52%","R$ 82.031.902,99","R$ 763,22","0,85","0,26%","-0,47%","-0,21%","3,66%",N/A,N/A,0
2021-10-30,URPR11,Outros,"R$ 119,00",34967.0,"R$ 2,17","1,77%","4,63%","9,07%","20,03%","1,54%","1,51%","1,67%","14,60%","3,01%","4,84%","9,68%","R$ 158.328.629,75","R$ 95,35","1,25","2,28%","-1,16%","1,09%","5,86%",N/A,N/A,0
2021-10-30,VOTS11,Títulos e Val. Mob.,"R$ 78,50",24.0,"R$ 0,55","0,65%","2,17%","4,16%","6,77%","0,72%","0,69%","0,56%","5,47%","1,65%","2,30%","11,09%","R$ 81.570.943,51","R$ 98,53","0,80","0,56%","-0,36%","0,19%","3,44%",N/A,N/A,0
2021-10-30,KNCR11,Títulos e Val. Mob.,"R$ 96,75",57961.0,"R$ 0,55","0,57%","1,57%","2,72%","4,77%","0,52%","0,45%","0,40%","3,67%","2,40%","2,98%","13,59%","R$ 3.889.332.968,75","R$ 99,48","0,97","0,55%","0,12%","0,68%","3,46%",N/A,N/A,0
2021-10-30,SPTW11,Lajes Corporativas,"R$ 45,50",4836.0,"R$ 0,36","0,61%","2,62%","9,42%","20,95%","0,87%","1,57%","1,75%","17,85%","1,59%","2,22%","-19,75%","R$ 93.337.126,32","R$ 51,91","0,88","0,69%","-0,36%","0,33%","10,50%","0,00%",N/A,1
2021-10-30,RNGO11,Lajes Corporativas,"R$ 57,46",1532.0,"R$ 0,35","0,59%","1,76%","3,55%","7,31%","0,59%","0,59%","0,61%","5,35%","3,14%","3,75%","-10,98%","R$ 271.301.134,06","R$ 101,38","0,57","0,35%","0,02%","0,37%","1,59%","29,00%",N/A,3
2021-10-30,FVPQ11,Shoppings,"R$ 116,50",1090.0,"R$ 0,50","0,41%","1,76%","0,00%","0,00%","0,59%","0,00%","0,00%","2,13%","0,00%","0,41%","-1,04%","R$ 549.310.303,01","R$ 196,17","0,59","0,25%","0,17%","0,43%","0,82%","5,80%",N/A,1
2021-10-30,XPCM11,Lajes Corporativas,"R$ 21,44",4360.0,"R$ 0,21","0,80%","2,00%","4,86%","13,62%","0,67%","0,81%","1,14%","7,39%","-12,01%","-11,30%","-51,39%","R$ 169.356.058,13","R$ 70,14","0,31","0,30%","-0,60%","-0,30%","-1,17%","100,00%",N/A,1
2021-10-30,PLOG11,Logística,"R$ 79,20",425.0,"R$ 0,72","0,88%","2,55%","4,72%","0,00%","0,85%","0,79%","0,00%","4,72%","-1,27%","-0,40%","-11,91%","R$ 71.566.334,57","R$ 95,42","0,83","0,75%","-0,02%","0,73%","3,70%","0,00%",N/A,1
2021-10-30,KFOF11,Títulos e Val. Mob.,"R$ 81,20",6915.0,"R$ 0,58","0,72%","2,03%","4,23%","7,19%","0,68%","0,71%","0,60%","5,84%","-3,46%","-2,77%","-16,14%","R$ 432.068.398,88","R$ 95,31","0,85","0,61%","-2,48%","-1,88%","-5,01%",N/A,N/A,0
2021-10-30,PATL11,Híbrido,"R$ 67,34",12628.0,"R$ 0,57","0,79%","2,26%","4,19%","7,69%","0,75%","0,70%","0,64%","6,00%","-3,08%","-2,31%","-18,37%","R$ 477.033.893,01","R$ 95,57","0,70","0,60%","0,05%","0,65%","3,58%","7,00%","0,00%",2
2021-10-30,ABCP11,Shoppings,"R$ 66,66",1876.0,"R$ 0,42","0,61%","1,89%","3,16%","5,86%","0,63%","0,53%","0,49%","4,47%","-5,78%","-5,21%","-7,11%","R$ 1.081.496.937,21","R$ 88,62","0,75","0,47%","0,07%","0,55%","4,03%","8,20%",N/A,1
2021-10-30,TGAR11,Outros,"R$ 120,68",30166.0,"R$ 1,11","0,87%","2,54%","5,11%","10,37%","0,85%","0,85%","0,86%","7,70%","-0,16%","0,70%","-3,70%","R$ 1.461.093.085,94","R$ 129,19","0,93","0,86%","-0,72%","0,13%","5,87%",N/A,N/A,0
2021-10-30,HSML11,Shoppings,"R$ 78,30",34084.0,"R$ 0,52","0,65%","1,84%","2,92%","5,59%","0,61%","0,49%","0,47%","4,05%","-1,23%","-0,59%","-14,84%","R$ 1.500.798.823,72","R$ 95,10","0,82","0,55%","-0,12%","0,42%","-0,04%","4,80%",N/A,5
2021-10-30,HUSC11,Outros,"R$ 122,52",3.0,"R$ 0,78","0,64%","1,95%","3,62%","6,56%","0,65%","0,60%","0,55%","5,10%","1,83%","2,49%","-16,46%","R$ 103.632.412,85","R$ 130,42","0,94","0,60%","0,04%","0,64%","5,71%",N/A,N/A,0
2021-10-30,RZTR11,Híbrido,"R$ 95,90",54669.0,"R$ 0,95","0,95%","2,81%","4,74%","0,00%","0,94%","0,79%","0,00%","7,09%","2,65%","3,62%","-0,23%","R$ 1.087.621.455,10","R$ 98,44","0,97","0,97%","-1,03%","-0,08%","6,99%",N/A,N/A,10
2021-10-30,RBED11,Outros,"R$ 132,04",926.0,"R$ 1,06","0,78%","2,24%","4,39%","8,37%","0,75%","0,73%","0,70%","6,44%","-1,53%","-0,76%","-6,32%","R$ 303.735.320,76","R$ 150,24","0,88","0,71%","-0,07%","0,63%","6,11%","0,00%",N/A,5
2021-10-30,CXCE11B,Outros,"R$ 57,99",1805.0,"R$ 0,83","1,46%","4,29%","7,38%","13,01%","1,43%","1,23%","1,08%","10,43%","12,58%","14,22%","-38,51%","R$ 139.210.378,11","R$ 81,27","0,71","1,02%","0,14%","1,17%","9,65%","0,00%",N/A,1
2021-10-30,VIFI11,Títulos e Val. Mob.,"R$ 74,48",1484.0,"R$ 0,63","0,84%","2,33%","4,45%","8,36%","0,78%","0,74%","0,70%","6,42%","-6,43%","-5,65%","-14,24%","R$ 258.089.529,92","R$ 91,77","0,81","0,69%","-1,60%","-0,92%","-4,35%",N/A,N/A,0
2021-10-30,RBRD11,Híbrido,"R$ 52,95",2167.0,"R$ 0,18","0,37%","0,69%","0,88%","5,86%","0,23%","0,15%","0,49%","0,98%","-2,26%","-1,90%","-32,72%","R$ 133.408.409,27","R$ 72,04","0,73","0,25%","0,07%","0,32%","2,70%","31,72%",N/A,4
2021-10-30,MXRF11,Híbrido,"R$ 10,01",511230.0,"R$ 0,08","0,79%","2,28%","4,38%","8,45%","0,76%","0,73%","0,70%","6,64%","1,40%","2,20%","1,81%","R$ 2.259.193.467,62","R$ 9,99","1,00","0,80%","0,16%","0,97%","6,05%",N/A,N/A,0
2021-10-30,VINO11,Lajes Corporativas,"R$ 60,06",29473.0,"R$ 0,65","1,07%","2,81%","5,06%","9,05%","0,94%","0,84%","0,75%","7,21%","2,21%","3,30%","2,23%","R$ 745.451.696,93","R$ 58,82","1,02","1,11%","-0,67%","0,43%","3,52%","0,70%",N/A,9
2021-10-30,VIUR11,Títulos e Val. Mob.,"R$ 79,05",3850.0,"R$ 0,67","0,80%","2,26%","0,00%","0,00%","0,75%","0,00%","0,00%","2,97%","-2,88%","-2,11%","-13,29%","R$ 258.342.180,74","R$ 95,87","0,82","0,70%","-0,51%","0,18%","1,23%","0,00%",N/A,6
2021-10-30,HGFF11,Títulos e Val. Mob.,"R$ 73,38",6083.0,"R$ 0,50","0,66%","1,91%","3,72%","7,60%","0,64%","0,62%","0,63%","5,46%","-3,41%","-2,77%","-18,19%","R$ 257.593.227,47","R$ 89,95","0,82","0,56%","-1,90%","-1,36%","-4,34%",N/A,N/A,0
2021-10-30,GALG11,Híbrido,"R$ 99,97",7283.0,"R$ 0,84","0,82%","2,38%","4,69%","0,00%","0,79%","0,78%","0,00%","6,89%","-2,83%","-2,04%","-0,59%","R$ 580.866.732,27","R$ 103,49","0,97","0,81%","-0,29%","0,51%","27,37%","0,00%","0,00%",6
2021-10-30,HGLG11,Logística,"R$ 166,86",24097.0,"R$ 1,10","0,67%","1,99%","4,34%","8,04%","0,66%","0,72%","0,67%","5,65%","1,35%","2,02%","-2,84%","R$ 3.151.358.842,72","R$ 147,86","1,13","0,74%","0,47%","1,22%","6,84%","6,30%","6,80%",17
2021-10-30,HGPO11,Lajes Corporativas,"R$ 223,23",2122.0,"R$ 1,25","0,56%","1,66%","3,38%","5,99%","0,55%","0,56%","0,50%","4,71%","-0,22%","0,33%","1,37%","R$ 423.171.317,74","R$ 241,39","0,92","0,52%","0,02%","0,53%","3,64%","4,99%","2,88%",2
2021-10-30,RBFF11,Títulos e Val. Mob.,"R$ 56,70",9109.0,"R$ 0,47","0,78%","2,29%","4,48%","8,62%","0,76%","0,75%","0,72%","6,39%","-1,35%","-0,58%","-14,47%","R$ 253.561.884,77","R$ 67,63","0,84","0,69%","-0,73%","-0,04%","-7,38%",N/A,N/A,0
2021-10-30,HGRE11,Lajes Corporativas,"R$ 127,74",11404.0,"R$ 0,69","0,53%","1,54%","3,60%","6,47%","0,51%","0,60%","0,54%","4,98%","-1,67%","-1,15%","-8,32%","R$ 1.997.004.653,53","R$ 168,98","0,76","0,41%","0,08%","0,49%","3,89%","24,05%","26,86%",21
2021-10-30,VGHF11,Títulos e Val. Mob.,"R$ 9,83",172565.0,"R$ 0,13","1,28%","3,68%","6,87%","0,00%","1,23%","1,14%","0,00%","6,87%","0,90%","2,19%","8,79%","R$ 155.268.515,70","R$ 9,43","1,04","1,38%","-0,86%","0,50%","1,68%",N/A,N/A,0
2021-10-30,VLOL11,Lajes Corporativas,"R$ 100,41",1999.0,"R$ 0,47","0,50%","1,41%","2,68%","5,15%","0,47%","0,45%","0,43%","3,92%","0,06%","0,56%","-4,58%","R$ 173.324.142,13","R$ 97,11","1,03","0,48%","0,01%","0,49%","2,90%","0,00%",N/A,1
2021-10-30,HSLG11,Logística,"R$ 87,99",8353.0,"R$ 0,58","0,65%","1,83%","3,49%","0,00%","0,61%","0,58%","0,00%","5,04%","-5,75%","-5,13%","-17,98%","R$ 1.427.633.963,61","R$ 112,77","0,78","0,51%","-0,04%","0,47%","11,67%","2,40%",N/A,5
2021-10-30,RBGS11,Shoppings,"R$ 31,99",1001.0,"R$ 0,13","0,37%","1,15%","1,89%","0,00%","0,38%","0,31%","0,00%","3,54%","-4,83%","-4,47%","-13,43%","R$ 97.796.535,91","R$ 90,72","0,35","0,14%","0,01%","0,15%","0,78%","12,00%",N/A,1
2021-10-30,VSHO11,Shoppings,"R$ 83,02",950.0,"R$ 0,76","0,92%","2,47%","3,76%","0,00%","0,82%","0,63%","0,00%","4,16%","-0,01%","0,90%","6,08%","R$ 212.490.694,80","R$ 101,24","0,82","0,75%","-0,27%","0,47%","5,51%","11,88%",N/A,3
2021-10-30,GTWR11,Lajes Corporativas,"R$ 81,00",20368.0,"R$ 0,67","0,74%","2,11%","4,02%","7,70%","0,70%","0,67%","0,64%","5,91%","-5,00%","-4,30%","-11,75%","R$ 1.210.745.245,53","R$ 100,90","0,80","0,66%","0,01%","0,67%","4,81%","0,00%","0,00%",1
2021-10-30,QAGR11,Outros,"R$ 50,20",8702.0,"R$ 0,38","0,75%","2,22%","4,39%","7,89%","0,74%","0,73%","0,66%","5,99%","-0,44%","0,31%","-1,59%","R$ 301.127.070,71","R$ 59,75","0,84",N/A,N/A,N/A,N/A,N/A,N/A,12
2021-10-30,GGRC11,Logística,"R$ 111,80",13077.0,"R$ 0,80","0,68%","2,06%","3,92%","7,12%","0,69%","0,65%","0,59%","5,58%","0,68%","1,37%","-12,36%","R$ 1.039.367.829,17","R$ 133,97","0,83","0,60%","1,74%","2,35%","6,14%","0,00%","0,00%",15
2021-10-30,CRFF11,Títulos e Val. Mob.,"R$ 69,05",170.0,"R$ 0,40","0,58%","1,69%","3,47%","6,73%","0,56%","0,58%","0,56%","5,22%","-3,41%","-2,85%","-12,43%","R$ 60.371.437,22","R$ 87,49","0,79","0,46%","-0,66%","-0,20%","-3,94%",N/A,N/A,0
2021-10-30,CXRI11,Híbrido,"R$ 70,00",395.0,"R$ 0,45","0,62%","1,84%","3,46%","6,67%","0,61%","0,58%","0,56%","5,17%","-1,34%","-0,73%","-33,10%","R$ 140.507.437,21","R$ 89,17","0,79","0,50%","-0,67%","-0,17%","-3,60%",N/A,N/A,0
2021-10-30,FATN11,Híbrido,"R$ 98,50",12.0,"R$ 0,75","0,74%","2,05%","4,03%","7,64%","0,68%","0,67%","0,64%","5,97%","-1,17%","-0,44%","7,93%","R$ 81.235.705,53","R$ 100,15","0,98","0,75%","-0,02%","0,73%","-1,51%","0,00%",N/A,7
2021-10-30,FLMA11,Híbrido,"R$ 132,14",370.0,"R$ 0,58","0,44%","1,25%","2,14%","4,12%","0,42%","0,36%","0,34%","3,34%","0,51%","0,95%","4.456,51%","R$ 214.871.186,14","R$ 155,63","0,85","0,37%","0,03%","0,40%","5.043,03%","6,00%",N/A,2
2021-10-30,FISC11,Lajes Corporativas,"R$ 165,00",200.0,"R$ 0,27","0,00%","0,00%","0,00%","0,00%","0,00%","0,00%","0,00%",N/A,"0,00%","0,00%","0,00%","R$ 255.241.751,69","R$ 155,36","1,06","0,17%","0,08%","0,25%","0,56%",N/A,N/A,0
2021-10-30,SCPF11,Shoppings,"R$ 8,69",303.0,"R$ 0,03","0,37%","0,70%","0,90%","2,66%","0,23%","0,15%","0,22%","1,44%","-0,34%","0,03%","-10,28%","R$ 53.297.642,47","R$ 12,69","0,68","0,26%","-0,04%","0,22%","1,08%","27,90%",N/A,1
2021-10-30,BREV11,Híbrido,"R$ 95,00",31.0,"R$ 0,53","0,58%","1,52%","3,19%","5,40%","0,51%","0,53%","0,45%","4,20%","-11,54%","-11,02%","-17,33%","R$ 101.686.256,15","R$ 105,13","0,90","0,50%","-0,03%","0,48%","3,46%","0,00%",N/A,12
2021-10-30,BLMR11,Títulos e Val. Mob.,"R$ 7,38",172705.0,"R$ 0,07","0,85%","2,52%","4,86%","0,00%","0,84%","0,81%","0,00%","5,97%","-90,03%","-89,94%","-91,13%","R$ 225.460.215,74","R$ 8,83","0,84","0,74%","-90,16%","-90,08%","-90,18%",N/A,N/A,0
2021-10-30,ONEF11,Lajes Corporativas,"R$ 146,00",350.0,"R$ 0,73","0,50%","1,52%","2,95%","0,00%","0,51%","0,49%","0,00%","4,72%","1,08%","1,59%","3,96%","R$ 146.356.151,50","R$ 160,65","0,91","0,45%","0,02%","0,47%","3,91%","0,00%",N/A,1
2021-10-30,RCRB11,Lajes Corporativas,"R$ 143,00",2258.0,"R$ 0,95","0,66%","1,83%","3,39%","6,38%","0,61%","0,57%","0,53%","5,38%","0,07%","0,74%","-8,69%","R$ 716.832.509,12","R$ 194,23","0,74","0,49%","-0,93%","-0,44%","0,90%","14,40%",N/A,10
2021-10-30,MBRF11,Outros,"R$ 735,00",15.0,"R$ 7,50","0,93%","2,70%","5,15%","0,00%","0,90%","0,86%","0,00%","8,29%","-3,01%","-2,11%","-12,04%","R$ 116.234.506,35","R$ 1.143,32","0,64","0,66%","0,02%","0,68%","6,26%","0,00%",N/A,2
2021-10-30,JRDM11,Shoppings,"R$ 65,34",382.0,"R$ 0,20","0,31%","0,76%","2,12%","2,95%","0,25%","0,35%","0,25%","2,12%","-0,97%","-0,66%","4,80%","R$ 222.023.146,38","R$ 88,00","0,74",N/A,N/A,N/A,N/A,"2,40%",N/A,1
2021-10-30,MAXR11,Outros,"R$ 86,55",590.0,"R$ 0,72","0,81%","3,32%","4,82%","8,45%","1,11%","0,80%","0,70%","6,09%","0,11%","0,93%","-95,04%","R$ 132.488.311,69","R$ 117,70","0,74",N/A,N/A,N/A,N/A,"11,20%",N/A,8
2021-10-30,BRCR11,Híbrido,"R$ 69,05",33083.0,"R$ 0,46","0,64%","1,84%","3,50%","6,81%","0,61%","0,58%","0,57%","4,61%","-2,05%","-1,43%","-11,39%","R$ 2.857.507.812,90","R$ 107,27","0,64",N/A,N/A,N/A,N/A,"24,80%","18,10%",14
2021-10-30,HCTR11,Outros,"R$ 123,80",66462.0,"R$ 1,60","1,29%","3,71%","7,72%","16,78%","1,24%","1,29%","1,40%","11,82%","1,64%","2,95%","-10,55%","R$ 2.342.624.065,31","R$ 118,79","1,04","1,35%","-0,62%","0,72%","10,91%",N/A,N/A,0
2021-10-30,DEVA11,Títulos e Val. Mob.,"R$ 102,00",53429.0,"R$ 1,33","1,29%","3,88%","7,18%","0,00%","1,29%","1,20%","0,00%","10,92%","-0,13%","1,16%","-19,99%","R$ 1.075.044.399,82","R$ 98,20","1,04","1,35%","0,14%","1,49%","10,06%",N/A,N/A,0
2021-10-30,TORD11,Outros,"R$ 10,57",88271.0,"R$ 0,20","1,94%","3,52%","5,94%","12,58%","1,17%","0,99%","1,05%","8,84%","3,62%","5,63%","-6,11%","R$ 461.396.367,48","R$ 13,16","0,80","1,52%","-0,42%","1,09%","32,01%",N/A,N/A,0
2021-10-30,BLMG11,Logística,"R$ 96,92",4797.0,"R$ 0,90","0,92%","2,76%","5,46%","0,00%","0,92%","0,91%","0,00%","6,84%","1,26%","2,19%","-0,48%","R$ 388.041.454,59","R$ 101,83","0,95","0,88%","-1,34%","-0,46%","10,06%","0,00%","0,00%",4
2021-10-30,SEQR11,Outros,"R$ 80,92",512.0,"R$ 0,67","0,81%","2,56%","4,94%","0,00%","0,85%","0,82%","0,00%","5,67%","2,76%","3,60%","-5,13%","R$ 168.059.853,13","R$ 104,48","0,77","0,64%","-0,14%","0,50%","2,62%","0,00%",N/A,0
2021-10-30,CEOC11,Lajes Corporativas,"R$ 62,00",709.0,"R$ 0,46","0,74%","2,13%","4,08%","7,76%","0,71%","0,68%","0,65%","6,01%","-4,34%","-3,63%","-7,70%","R$ 156.599.916,44","R$ 86,25","0,72","0,54%","-0,08%","0,45%","2,79%","0,00%",N/A,1
2021-10-30,EQIN11,Títulos e Val. Mob.,"R$ 91,06",2596.0,"R$ 0,88","0,94%","2,83%","5,38%","11,13%","0,94%","0,90%","0,93%","8,17%","1,85%","2,81%","-3,33%","R$ 135.793.280,13","R$ 94,17","0,97","0,94%","0,32%","1,26%","8,35%",N/A,N/A,0
2021-10-30,MGFF11,Títulos e Val. Mob.,"R$ 65,00",24821.0,"R$ 0,50","0,74%","2,17%","4,24%","8,34%","0,72%","0,71%","0,69%","6,48%","-4,75%","-4,05%","-16,36%","R$ 710.399.687,20","R$ 78,49","0,83","0,64%","-1,26%","-0,63%","-5,83%",N/A,N/A,0
2021-10-30,FAED11,Outros,"R$ 142,24",181.0,"R$ 1,13","0,80%","2,25%","4,43%","8,33%","0,75%","0,74%","0,69%","6,46%","-6,65%","-5,91%","-23,09%","R$ 137.397.299,85","R$ 213,96","0,66","0,53%","0,00%","0,53%","3,44%","0,00%",N/A,3
2021-10-30,MGLG11,Logística,"R$ 75,49",483.0,"R$ 0,30","0,33%","0,00%","0,00%","0,00%","0,00%","0,00%","0,00%","1,37%","-9,45%","-9,15%","-8,21%","R$ 112.790.091,71","R$ 97,68","0,77","0,31%","-3,09%","-2,79%","0,32%","0,00%",N/A,3
2021-10-30,BCFF11,Títulos e Val. Mob.,"R$ 70,20",33187.0,"R$ 0,50","0,69%","2,00%","3,72%","7,30%","0,67%","0,62%","0,61%","5,60%","2,31%","3,02%","-16,61%","R$ 2.017.441.964,56","R$ 80,10","0,88","0,62%","0,30%","0,92%","2,20%",N/A,N/A,0
2021-10-30,BTCR11,Títulos e Val. Mob.,"R$ 90,52",5755.0,"R$ 0,75","0,80%","2,40%","4,64%","8,48%","0,80%","0,77%","0,71%","6,65%","0,00%","0,80%","12,73%","R$ 469.638.941,06","R$ 97,64","0,93","0,77%","0,12%","0,89%","5,73%",N/A,N/A,0
2021-10-30,FEXC11,Títulos e Val. Mob.,"R$ 83,05",8899.0,"R$ 0,75","0,89%","2,44%","4,94%","9,28%","0,81%","0,82%","0,77%","7,62%","-6,30%","-5,46%","-4,27%","R$ 570.507.578,19","R$ 93,47","0,89","0,80%","-0,15%","0,65%","6,90%",N/A,N/A,0
2021-10-30,BMLC11,Lajes Corporativas,"R$ 88,62",9.0,"R$ 0,59","0,67%","1,89%","3,82%","7,49%","0,63%","0,64%","0,62%","5,47%","-3,64%","-3,00%","-2,02%","R$ 106.591.626,64","R$ 106,76","0,83","0,55%","-0,02%","0,54%","3,71%","0,00%",N/A,2
2021-10-30,RBRL11,Logística,"R$ 93,00",4793.0,"R$ 0,75","0,78%","2,09%","4,07%","7,59%","0,70%","0,68%","0,63%","5,79%","-4,94%","-4,20%","-5,65%","R$ 713.309.685,10","R$ 106,67","0,87","0,70%","-1,04%","-0,34%","5,63%","0,00%","0,00%",6
2021-10-30,RBRP11,Outros,"R$ 73,10",17637.0,"R$ 0,45","0,61%","1,69%","2,83%","6,28%","0,56%","0,47%","0,52%","4,48%","-2,84%","-2,25%","-20,84%","R$ 1.039.528.286,23","R$ 85,35","0,86","0,53%","-1,10%","-0,58%","1,69%","9,00%","5,00%",17
2021-10-30,RELG11,Híbrido,"R$ 81,70",2600.0,"R$ 0,75","0,87%","2,57%","4,74%","0,00%","0,86%","0,79%","0,00%","7,01%","-2,21%","-1,37%","-5,59%","R$ 127.907.984,74","R$ 95,84","0,85","0,78%","-0,10%","0,68%","5,78%","9,10%","9,10%",3
2021-10-30,RECT11,Híbrido,"R$ 69,16",9653.0,"R$ 0,51","0,74%","1,95%","4,21%","8,71%","0,65%","0,70%","0,73%","6,47%","-9,75%","-9,08%","-23,68%","R$ 759.125.513,02","R$ 92,81","0,75","0,55%","-0,29%","0,26%","1,46%","27,50%",N/A,8
2021-10-30,RECR11,Títulos e Val. Mob.,"R$ 99,22",61566.0,"R$ 1,09","1,07%","3,14%","6,46%","13,48%","1,05%","1,08%","1,12%","9,53%","-3,74%","-2,71%","0,27%","R$ 1.844.612.969,83","R$ 95,19","1,04","1,14%","-0,27%","0,87%","10,26%",N/A,N/A,0
2021-10-30,FLCR11,Títulos e Val. Mob.,"R$ 101,00",3174.0,"R$ 1,33","1,29%","3,36%","0,00%","0,00%","1,12%","0,00%","0,00%","3,36%","1,84%","3,15%","5,90%","R$ 50.371.156,87","R$ 100,74","1,00","1,32%","-0,06%","1,26%","3,34%",N/A,N/A,0
2021-10-30,CVBI11,Títulos e Val. Mob.,"R$ 101,58",32345.0,"R$ 1,23","1,20%","3,00%","5,85%","13,23%","1,00%","0,98%","1,10%","8,93%","0,12%","1,32%","2,94%","R$ 990.958.436,13","R$ 99,93","1,02","1,23%","-0,19%","1,04%","9,69%",N/A,N/A,0
2021-10-30,CPFF11,Híbrido,"R$ 74,90",19199.0,"R$ 0,72","0,91%","2,78%","5,71%","11,24%","0,93%","0,95%","0,94%","8,52%","-0,87%","0,02%","1,91%","R$ 427.648.614,88","R$ 78,47","0,95","0,92%","0,27%","1,19%","0,63%",N/A,N/A,0
2021-10-30,RVBI11,Títulos e Val. Mob.,"R$ 83,67",2469.0,"R$ 0,75","0,85%","2,51%","4,84%","9,20%","0,84%","0,81%","0,77%","7,11%","-4,00%","-3,18%","-1,70%","R$ 127.536.457,54","R$ 88,57","0,94","0,85%","-3,17%","-2,35%","-1,86%",N/A,N/A,0
2021-10-30,RBRY11,Títulos e Val. Mob.,"R$ 101,04",6826.0,"R$ 0,90","0,87%","2,37%","4,81%","9,11%","0,79%","0,80%","0,76%","6,89%","6,45%","7,38%","3,89%","R$ 351.571.448,21","R$ 103,49","0,98","0,87%","-0,38%","0,48%","2,00%",N/A,N/A,0
2021-10-30,RBRR11,Títulos e Val. Mob.,"R$ 95,98",41977.0,"R$ 0,90","0,91%","2,53%","4,97%","8,62%","0,84%","0,83%","0,72%","6,94%","0,06%","0,98%","9,80%","R$ 1.033.899.951,56","R$ 99,78","0,96","0,90%","0,09%","0,99%","3,49%",N/A,N/A,0
2021-10-30,RBRF11,Títulos e Val. Mob.,"R$ 73,94",29776.0,"R$ 0,60","0,76%","2,27%","4,35%","8,69%","0,76%","0,72%","0,72%","6,24%","0,11%","0,87%","-15,06%","R$ 1.178.000.223,42","R$ 86,11","0,86","0,70%","-0,97%","-0,28%","0,83%",N/A,N/A,0
2021-10-30,IBFF11,Títulos e Val. Mob.,"R$ 61,38",844.0,"R$ 0,50","0,78%","2,56%","4,27%","7,49%","0,85%","0,71%","0,62%","5,84%","-6,57%","-5,84%","-13,97%","R$ 51.124.674,16","R$ 76,69","0,80","0,65%","-0,90%","-0,26%","-6,22%",N/A,N/A,0
2021-10-30,IRDM11,Títulos e Val. Mob.,"R$ 107,90",123067.0,"R$ 1,05","0,92%","2,88%","5,33%","11,19%","0,96%","0,89%","0,93%","8,05%","-1,79%","-0,89%","-15,20%","R$ 2.715.119.232,83","R$ 96,97","1,11","1,09%","-0,84%","0,24%","7,98%",N/A,N/A,0
2021-10-30,VSLH11,Outros,"R$ 10,10",119341.0,"R$ 0,18","1,79%","4,35%","8,36%","0,00%","1,45%","1,39%","0,00%","9,56%","0,80%","2,60%","10,84%","R$ 262.404.474,04","R$ 9,94","1,02","1,81%","-0,14%","1,67%","6,58%",N/A,N/A,0
2021-10-30,CPTS11,Títulos e Val. Mob.,"R$ 97,90",61733.0,"R$ 1,00","1,00%","3,02%","6,04%","12,06%","1,01%","1,01%","1,01%","9,08%","0,63%","1,63%","5,92%","R$ 2.427.021.347,40","R$ 94,14","1,04","1,06%","-0,82%","0,23%","4,99%",N/A,N/A,0
2021-10-30,BRLA11,Híbrido,N/A,N/A,"R$ 0,98","0,00%","0,00%","0,00%","0,00%","0,00%","0,00%","0,00%",N/A,"0,00%","0,00%","0,00%","R$ 240.125.804,34","R$ 161,37",N/A,"0,61%","0,00%","0,61%","-2,02%",N/A,N/A,0
2021-10-30,TRNT11,Lajes Corporativas,"R$ 120,00",24.0,"R$ 0,30","0,24%","0,69%","1,80%","3,29%","0,23%","0,30%","0,27%","2,51%","5,51%","5,76%","-18,09%","R$ 814.574.293,68","R$ 206,98","0,58","0,14%","0,01%","0,15%","0,93%","53,90%",N/A,1
2021-10-30,MCCI11,Títulos e Val. Mob.,"R$ 100,00",41206.0,"R$ 1,00","0,99%","2,94%","5,47%","9,27%","0,98%","0,91%","0,77%","7,50%","-1,47%","-0,50%","5,92%","R$ 1.244.687.418,79","R$ 100,24","1,00","1,00%","-0,25%","0,74%","2,75%",N/A,N/A,0
2021-10-30,MGHT11,Hotel,"R$ 92,74",6.0,"R$ 0,58","0,63%","2,00%","4,17%","7,60%","0,67%","0,69%","0,63%","6,10%","-3,67%","-3,07%","-2,76%","R$ 129.005.818,48","R$ 98,19","0,94","0,59%","0,37%","0,96%","1,47%",N/A,N/A,0
2021-10-30,VGIR11,Títulos e Val. Mob.,"R$ 97,98",22978.0,"R$ 0,65","0,67%","2,05%","3,87%","6,92%","0,68%","0,64%","0,58%","5,41%","3,06%","3,75%","15,67%","R$ 437.044.080,45","R$ 96,98","1,01","0,67%","0,04%","0,71%","2,36%",N/A,N/A,0
2021-10-30,VGIP11,Outros,"R$ 98,99",13452.0,"R$ 1,30","1,29%","3,39%","6,17%","12,60%","1,13%","1,03%","1,05%","8,99%","-0,62%","0,66%","-3,73%","R$ 701.479.370,60","R$ 95,42","1,04","1,36%","-0,50%","0,86%","5,92%",N/A,N/A,0
2021-10-30,NAVT11,Títulos e Val. Mob.,"R$ 74,00",4239.0,"R$ 0,60","0,83%","2,38%","0,00%","0,00%","0,79%","0,00%","0,00%","3,45%","-4,55%","-3,76%","-18,63%","R$ 96.590.206,86","R$ 91,60","0,81","0,66%","-1,43%","-0,78%","-0,79%",N/A,N/A,0
2021-10-30,BLCP11,Outros,"R$ 81,96",13.0,"R$ 0,40","0,47%","1,69%","3,50%","7,64%","0,56%","0,58%","0,64%","5,51%","1,49%","1,97%","-13,11%","R$ 196.695.447,70","R$ 102,35","0,80","0,39%","-0,01%","0,38%","5,00%","7,90%",N/A,2
2021-10-30,MORE11,Títulos e Val. Mob.,"R$ 78,75",4438.0,"R$ 0,70","0,86%","2,55%","4,66%","8,71%","0,85%","0,78%","0,73%","6,23%","1,65%","2,53%","-22,20%","R$ 216.136.581,71","R$ 93,20","0,84","0,75%","-0,96%","-0,22%","-2,07%",N/A,N/A,0
2021-10-30,MGCR11,Títulos e Val. Mob.,"R$ 85,86",814.0,"R$ 0,80","0,91%","2,65%","5,09%","0,00%","0,88%","0,85%","0,00%","7,66%","-2,23%","-1,34%","-1,30%","R$ 134.984.834,54","R$ 94,91","0,90","0,84%","-0,06%","0,78%","6,20%",N/A,N/A,0
2021-10-30,GCRI11,Títulos e Val. Mob.,"R$ 98,90",502.0,"R$ 1,02","1,02%","3,06%","0,00%","0,00%","1,02%","0,00%","0,00%","5,95%","-0,14%","0,88%","3,70%","R$ 101.291.535,86","R$ 101,26","0,98","1,01%","0,41%","1,42%","2,46%",N/A,N/A,0
2021-10-30,GCFF11,Títulos e Val. Mob.,"R$ 76,07",491.0,"R$ 0,67","0,86%","2,55%","5,17%","10,53%","0,85%","0,86%","0,88%","7,91%","-3,88%","-3,05%","-10,80%","R$ 30.529.859,81","R$ 90,17","0,84","0,74%","-1,49%","-0,76%","-0,04%",N/A,N/A,0
2021-10-30,SNFF11,Títulos e Val. Mob.,"R$ 91,50",6256.0,"R$ 0,70","0,74%","2,07%","0,00%","0,00%","0,69%","0,00%","0,00%","2,59%","0,21%","0,95%","-3,03%","R$ 230.635.763,32","R$ 92,25","0,99","0,76%","-1,99%","-1,24%","-1,98%",N/A,N/A,0
2021-10-30,AFHI11,Títulos e Val. Mob.,"R$ 92,56",11472.0,"R$ 1,05","1,10%","3,09%","0,00%","0,00%","1,03%","0,00%","0,00%","4,66%","0,40%","1,51%","4,67%","R$ 174.528.044,01","R$ 97,63","0,95","1,08%","0,96%","2,04%","4,00%",N/A,N/A,0
2021-10-30,OUFF11,Títulos e Val. Mob.,"R$ 67,30",2243.0,"R$ 0,65","0,94%","2,70%","5,09%","9,61%","0,90%","0,85%","0,80%","7,29%","-6,95%","-6,08%","-14,40%","R$ 147.265.031,78","R$ 81,17","0,83","0,80%","-2,10%","-1,31%","-5,58%",N/A,N/A,0
2021-10-30,WTSP11B,Híbrido,"R$ 50,67",1.0,"R$ 0,36","0,72%","2,10%","3,51%","5,04%","0,70%","0,58%","0,42%","4,29%","7,48%","8,26%","0,03%","R$ 79.016.416,25","R$ 79,61","0,64","0,46%","-0,03%","0,43%","2,31%",N/A,N/A,0
2021-10-30,OURE11,Títulos e Val. Mob.,"R$ 85,59",1231.0,"R$ 1,10","1,29%","3,01%","5,90%","10,79%","1,00%","0,98%","0,90%","8,06%","-1,66%","-0,39%","-2,63%","R$ 83.308.960,59","R$ 96,29","0,89","1,14%","-1,03%","0,10%","3,52%",N/A,N/A,0
2021-10-30,OULG11,Outros,"R$ 58,39",2385.0,"R$ 0,50","0,80%","2,32%","4,44%","8,62%","0,77%","0,74%","0,72%","6,47%","-3,83%","-3,06%","-14,21%","R$ 230.513.211,34","R$ 92,90","0,63","0,54%","0,05%","0,58%","3,58%","0,00%",N/A,2
2021-10-30,RECX11,Outros,"R$ 97,28",212.0,"R$ 0,90","0,97%","2,53%","0,00%","0,00%","0,84%","0,00%","0,00%","5,49%","-6,90%","-6,00%","-1,78%","R$ 17.476.772,13","R$ 88,20","1,10","1,02%","-1,96%","-0,96%","-1,20%",N/A,N/A,0
2021-10-30,RZAK11,Títulos e Val. Mob.,"R$ 87,10",14107.0,"R$ 0,75","0,83%","2,31%","5,35%","0,00%","0,77%","0,89%","0,00%","5,87%","-3,18%","-2,38%","-4,15%","R$ 288.300.954,67","R$ 96,04","0,91","0,78%","-0,65%","0,13%","1,62%",N/A,N/A,0
2021-10-30,CORM11,Híbrido,"R$ 100,90",40.0,"R$ 1,06","1,03%","3,01%","0,00%","0,00%","1,00%","0,00%","0,00%","4,04%","-1,97%","-0,96%","-2,41%","R$ 87.424.491,11","R$ 95,31","1,06","1,11%","-1,26%","-0,16%","0,21%",N/A,N/A,0
2021-10-30,ARCT11,Híbrido,"R$ 100,80",892.0,"R$ 1,12","1,12%","2,83%","4,97%","15,70%","0,94%","0,83%","1,31%","11,64%","-1,24%","-0,13%","-18,87%","R$ 164.724.630,31","R$ 103,11","0,98","1,09%","-0,01%","1,08%","12,28%",N/A,N/A,4
2021-10-30,BLMC11,Outros,"R$ 98,48",44.0,"R$ 1,05","1,05%","2,98%","4,35%","0,00%","0,99%","0,72%","0,00%","4,35%","-0,16%","0,89%","2,16%","R$ 39.999.083,35","R$ 100,12","0,98","1,05%","-0,12%","0,92%","2,28%",N/A,N/A,0
2021-10-30,BTLG11,Logística,"R$ 105,98",30523.0,"R$ 0,72","0,67%","2,03%","3,88%","7,12%","0,68%","0,65%","0,59%","5,47%","1,37%","2,05%","-4,50%","R$ 1.516.402.298,06","R$ 99,57","1,06","0,72%","-0,97%","-0,26%","1,78%",N/A,"0,70%",16
2021-10-30,AFOF11,Títulos e Val. Mob.,"R$ 80,99",876.0,"R$ 0,84","1,06%","10,55%","0,00%","0,00%","3,52%","0,00%","0,00%","1,79%","-13,36%","-12,45%","-15,10%","R$ 69.520.499,69","R$ 100,58","0,81","0,83%","2,53%","3,38%","-3,49%",N/A,N/A,0
2021-10-30,ALZR11,Logística,"R$ 113,00",6609.0,"R$ 0,62","0,54%","1,74%","3,33%","5,55%","0,58%","0,55%","0,46%","4,65%","-0,34%","0,19%","-7,58%","R$ 642.993.788,51","R$ 108,58","1,04","0,57%","-0,01%","0,56%","3,88%","0,00%",N/A,13
2021-10-30,XPIN11,Outros,"R$ 89,95",7484.0,"R$ 0,63","0,67%","1,97%","3,80%","7,04%","0,66%","0,63%","0,59%","5,45%","-1,34%","-0,68%","-13,43%","R$ 732.471.149,48","R$ 111,21","0,81","0,57%","-0,35%","0,22%","4,19%","15,60%",N/A,5
2021-10-30,MCHY11,Títulos e Val. Mob.,"R$ 144,97",11.0,"R$ 1,30","1,18%","0,00%","0,00%","0,00%","0,00%","0,00%","0,00%","1,18%","0,00%","1,18%","1,18%","R$ 354.104.192,56","R$ 100,11","1,45","1,30%","0,02%","1,32%","4,09%",N/A,N/A,0
2021-10-30,XPML11,Shoppings,"R$ 98,50",36370.0,"R$ 0,57","0,57%","1,72%","2,88%","4,93%","0,57%","0,48%","0,41%","3,57%","-1,27%","-0,72%","-7,28%","R$ 1.900.090.443,88","R$ 104,36","0,94","0,55%","-0,12%","0,43%","1,16%","4,60%",N/A,13
2021-10-30,FCFL11,Outros,"R$ 103,00",1285.0,"R$ 0,73","0,68%","2,02%","3,80%","6,78%","0,67%","0,63%","0,57%","5,39%","-3,26%","-2,61%","0,57%","R$ 352.488.694,23","R$ 101,46","1,02","0,72%","0,00%","0,72%","2,77%","0,00%",N/A,1
2021-10-30,ERCR11,Híbrido,"R$ 73.900,00",482.0,"R$ 1,05","0,00%","0,00%","0,00%","0,00%","0,00%","0,00%","0,00%",N/A,"0,00%","0,00%","-1,42%","R$ 180.352.941,80","R$ 75.906,12","0,97","0,00%","-2,46%","-2,46%","-6,35%",N/A,N/A,0
2021-10-30,BTAL11,Outros,"R$ 95,60",9591.0,"R$ 0,80","0,80%","2,36%","4,04%","0,00%","0,79%","0,67%","0,00%","4,38%","8,08%","8,94%","0,49%","R$ 612.337.743,99","R$ 102,35","0,93","0,78%","0,60%","1,38%","2,11%",N/A,N/A,7
2021-10-30,FLRP11,Shoppings,"R$ 1.265,00",15.0,"R$ 6,00","0,46%","1,34%","2,33%","4,73%","0,45%","0,39%","0,39%","3,71%","0,76%","1,22%","4,17%","R$ 108.449.902,89","R$ 1.662,53","0,76","0,36%","0,92%","1,28%","2,43%","1,89%",N/A,1
2021-10-30,RBHG11,Títulos e Val. Mob.,"R$ 81,20",2210.0,"R$ 0,75","0,88%","2,39%","4,84%","9,03%","0,80%","0,81%","0,75%","6,55%","-2,17%","-1,31%","9,70%","R$ 166.451.796,29","R$ 96,35","0,84",N/A,N/A,N/A,N/A,N/A,N/A,0
2021-10-30,CNES11,Lajes Corporativas,"R$ 37,02",639.0,"R$ 0,11","0,28%","1,05%","1,52%","3,34%","0,35%","0,25%","0,28%","2,24%","4,46%","4,75%","-22,80%","R$ 257.225.669,98","R$ 87,22","0,42","0,13%","-0,03%","0,10%","-4,21%","55,70%",N/A,1
2021-10-30,BTRA11,Outros,"R$ 87,70",4880.0,"R$ 0,55","0,62%","1,49%","0,00%","0,00%","0,50%","0,00%","0,00%","1,49%","-3,75%","-3,16%","-12,78%","R$ 336.049.679,75","R$ 99,88","0,88","0,56%","0,00%","0,55%","1,29%",N/A,N/A,0
2021-10-30,EDGA11,Lajes Corporativas,"R$ 24,34",2930.0,"R$ 0,13","0,54%","1,03%","3,15%","0,00%","0,34%","0,52%","0,00%","4,69%","-0,24%","0,30%","-17,49%","R$ 300.274.052,43","R$ 78,77","0,31","0,17%","-0,04%","0,13%","0,15%","48,80%",N/A,1
